{"time": [1610755200000000000, 1613347200000000000, 1615852800000000000, 1618531200000000000, 1621123200000000000, 1623801600000000000, 1626393600000000000, 1629072000000000000, 1631750400000000000, 1634342400000000000, 1637020800000000000, 1639612800000000000, 1642291200000000000, 1644883200000000000, 1647388800000000000, 1650067200000000000, 1652659200000000000, 1655337600000000000, 1657929600000000000, 1660608000000000000, 1663286400000000000, 1665878400000000000, 1668556800000000000, 1671148800000000000, 1673827200000000000, 1676419200000000000, 1678924800000000000, 1681603200000000000, 1684195200000000000, 1686873600000000000, 1689465600000000000, 1692144000000000000, 1694822400000000000, 1697414400000000000, 1700092800000000000, 1702684800000000000], "mean_temperature": [-0.7556176781654358, -0.10017155855894089, 4.057075500488281, 8.867437362670898, 13.519914627075195, 17.401880264282227, 18.93568992614746, 18.112977981567383, 14.863959312438965, 10.40169620513916, 4.603448867797852, 0.7558640241622925, -0.3280104398727417, 0.6604761481285095, 4.322019100189209, 8.870060920715332, 13.427387237548828, 17.168161392211914, 18.791683197021484, 18.048908233642578, 14.83843994140625, 10.609139442443848, 4.357600212097168, 0.5171530842781067, -0.3984977900981903, 0.8902044892311096, 4.649131774902344, 8.575407981872559, 13.62393569946289, 17.246137619018555, 19.018722534179688, 18.535446166992188, 15.506101608276367, 10.980356216430664, 5.519497871398926, 1.3689416646957397]}