{
  "columns": ["time", "temperature"],
  "index": [0, 1, 2, 3, 4, 5, 6, 7, 8, 9, 10, 11, 12, 13, 14, 15, 16, 17, 18, 19, 20, 21, 22, 23, 24, 25, 26, 27, 28, 29, 30, 31, 32, 33, 34, 35],
  "data": [
    [1609459200000, 26.3000011444],
    [1612137600000, 28.3000011444],
    [1614556800000, 30.3999996185],
    [1617235200000, 29.8000011444],
    [1619827200000, 30.5],
    [1622505600000, 30.3999996185],
    [1625097600000, 29.5],
    [1627776000000, 29.6000003815],
    [1630454400000, 28.3999996185],
    [1633046400000, 28.7000007629],
    [1635724800000, 28.7000007629],
    [1638316800000, 27.3000011444],
    [1640995200000, 28.2000007629],
    [1643673600000, 28.2000007629],
    [1646092800000, 30.0],
    [1648771200000, 30.1000003815],
    [1651363200000, 29.1000003815],
    [1654041600000, 30.1000003815],
    [1656633600000, 29.3000011444],
    [1659312000000, 28.8999996185],
    [1661990400000, 28.3000011444],
    [1664582400000, 28.2000007629],
    [1667260800000, 28.7000007629],
    [1669852800000, 27.0],
    [1672531200000, 26.8000011444],
    [1675209600000, 28.7000007629],
    [1677628800000, 29.8000011444],
    [1680307200000, 32.1000022888],
    [1682899200000, 31.3999996185],
    [1685577600000, 30.6000003815],
    [1688169600000, 30.2000007629],
    [1690848000000, 29.8000011444],
    [1693526400000, 29.1000003815],
    [1696118400000, 29.2000007629],
    [1698796800000, 28.8999996185],
    [1701388800000, 28.8000011444]
  ]
}
